{
  "carlsberg": [
    [2.373797, 66.737612],
    [4.380684, 62.429438],
    [9.970776, 56.972417]
  ],
  "cir": [
    [-25.118328, 70.210527],
    [-18.180195, 65.244708],
    [-16.544627, 67.310286],
    [-9.947222, 66.454319],
    [-8.061379, 68.297939],
    [-2.161675, 68.100408],
    [2.577678, 66.783537]
  ],
  "swir": [
    [-53.474694, 26.868533],
    [-44.925778, 35.292749],
    [-43.646402, 41.557721],
    [-41.022548, 42.773135],
    [-40.221424, 45.939607],
    [-38.843359, 46.155025],
    [-38.628128, 47.673547],
    [-37.818706, 49.135189],
    [-37.098933, 52.202136],
    [-36.187667, 52.285214],
    [-33.633664, 56.31072],
    [-33.573793, 57.077483],
    [-31.901013, 57.029561],
    [-30.072937, 60.719608],
    [-29.035821, 61.235669],
    [-27.877205, 63.943301],
    [-27.834835, 64.757987],
    [-27.23993, 66.818663],
    [-26.470362, 67.561464],
    [-25.609213, 69.957599]
  ],
  "seir": [
    [-25.479406, 70.021145],
    [-28.872491, 74.698421],
    [-33.72613, 77.389815],
    [-35.001474, 78.733993],
    [-35.445656, 78.238232],
    [-36.401986, 79.18702],
    [-37.092138, 78.110372],
    [-39.039951, 76.964057],
    [-42.122123, 79.308772],
    [-40.792464, 81.182807],
    [-42.846964, 83.456419],
    [-40.965133, 85.653002],
    [-45.37991, 96.583034],
    [-46.388228, 95.661224],
    [-47.998775, 99.480151]
  ]
}
