{
  "daxi": [7.452681, 59.710312],
  "wocan": [6.5711, 60.665],
  "tianxiu": [3.665019, 64.252313],
  "onnuri": [-11.41528, 66.42361],
  "dodo": [-18.347, 65.305],
  "edmond": [-23.878, 69.596],
  "pelagia": [-26.340781, 71.655239],
  "tiancheng": [-27.967, 63.55],
  "duanqiao": [-37.6579, 50.4671],
  "site21": [-41.112621, 78.780207],
  "longqi": [-37.7838, 49.6494],
  "kairei": [-25.319444, 70.04],
  "solitaire": [-19.545, 65.85]
}
